paragraphs,parent_mig,mode,runs,prefix_tokens,publish_ms,state_mib,parent_generation_tps,parent_texts_equal_to_copy,children_started,children_finished,child_texts_equal_to_copy,child_attach_ms,child_first_token_ms,child_generation_tps,children_memory_mib
80,fafc828a,copy,3,4081,216.18,223.24,7.63,3,12,12,12,192.0,1581,5.34,4546
80,fafc828a,extent,3,4081,3.03,0.06,6.89,3,12,12,12,26.7,1363,5.25,2948
80,fafc828a,vmm,3,4081,7.60,0.06,7.53,3,12,12,12,324.7,1684,5.41,3807
80,fafc828a,extent_cross,3,4081,2.83,0.06,23.88,3,3,3,3,25.0,701,15.58,809
80,fafc828a,vmm_cross,3,4081,7.35,0.06,24.70,3,3,0,0,0.0,0,0.00,386
80,31ffbfe4,copy,3,4081,213.64,223.24,3.98,3,12,12,12,207.9,1678,3.28,4553
80,31ffbfe4,extent,3,4081,3.02,0.06,3.68,3,12,12,12,27.2,1479,3.16,2876
80,31ffbfe4,vmm,3,4081,7.22,0.06,4.03,3,12,12,12,331.9,1762,3.31,3727
80,31ffbfe4,extent_cross,3,4081,2.82,0.06,15.49,3,3,3,3,24.5,693,23.69,837
80,31ffbfe4,vmm_cross,3,4081,7.38,0.06,16.16,3,3,0,0,0.0,0,0.00,416
320,fafc828a,copy,3,16321,551.08,892.80,7.50,3,12,12,12,500.5,1882,5.11,10148
320,fafc828a,extent,3,16321,8.21,0.25,6.54,3,12,12,12,47.5,1432,5.00,3078
320,fafc828a,vmm,3,16321,41.04,0.25,7.48,3,12,12,12,437.6,1835,5.14,3968
320,fafc828a,extent_cross,3,16321,7.89,0.25,22.08,3,3,3,0,44.5,728,14.48,835
320,fafc828a,vmm_cross,3,16321,42.60,0.25,23.37,3,3,0,0,0.0,0,0.00,271
320,31ffbfe4,copy,3,16321,570.60,892.80,4.01,3,12,12,12,523.9,2000,3.24,10092
320,31ffbfe4,extent,3,16321,9.01,0.25,3.44,3,12,12,12,49.2,1553,2.98,3040
320,31ffbfe4,vmm,3,16321,39.15,0.25,4.02,3,12,12,12,434.5,1915,3.25,3904
320,31ffbfe4,extent_cross,3,16321,8.01,0.25,14.32,3,3,3,3,43.3,721,21.71,829
320,31ffbfe4,vmm_cross,3,16321,39.49,0.25,15.66,3,3,0,0,0.0,0,0.00,305
