config,fault,runs,agents_started,alive_at_fault,agents_completed,others_started,others_completed,others_with_reference_text,writes_injected,writes_refused,write_error,file_intact_runs,timed_out,mps_servers_after,wall_s
timeslice,none,6,48,0.0,48,42,42,42,0,0,none,6,0,0.0,48.0
timeslice,write,6,48,8.0,48,42,42,42,6,6,cudaErrorIllegalAddress,6,0,0.0,48.3
timeslice,kill,6,48,8.0,42,42,42,42,0,0,none,6,0,0.0,43.5
mps,none,6,48,0.0,48,42,42,42,0,0,none,6,0,1.0,42.5
mps,write,6,48,8.0,0,42,0,0,6,6,cudaErrorIllegalAddress,6,0,1.0,18.0
mps,kill,6,48,8.0,0,42,0,0,0,0,none,6,0,1.0,16.8
mig,none,6,48,0.0,48,42,42,42,0,0,none,6,0,0.0,40.7
mig,write,6,48,8.0,48,42,42,42,6,6,cudaErrorIllegalAddress,6,0,0.0,40.8
mig,kill,6,48,8.0,42,42,42,42,0,0,none,6,0,0.0,40.7
mig_mps,none,6,48,0.0,48,42,42,42,0,0,none,6,0,2.0,37.2
mig_mps,write,6,48,8.0,24,42,24,24,6,6,cudaErrorIllegalAddress,6,0,2.0,35.8
mig_mps,kill,6,48,8.0,30,42,30,30,0,0,none,6,0,2.0,36.0
