file,gib,method,runs,failed,seconds,seconds_ci95,gib_per_s,speedup_vs_cp,page_cache_left_mib,page_cache_left_share,free_drop_mib,identical
Qwen2.5-7B-Instruct-Q4_K_M.gguf,4.4,cp,6,0,2.208,0.013,1.98,1.000,4468,1.001,8764,6
Qwen2.5-7B-Instruct-Q4_K_M.gguf,4.4,dd,6,0,1.469,0.034,2.97,1.504,2,0.000,4091,6
Qwen2.5-7B-Instruct-Q4_K_M.gguf,4.4,publish,6,0,1.154,0.009,3.78,1.913,4,0.001,4008,6
Qwen2.5-14B-Instruct-Q4_K_M.gguf,8.4,cp,6,0,4.048,0.034,2.07,1.000,8580,1.001,16137,6
Qwen2.5-14B-Instruct-Q4_K_M.gguf,8.4,dd,6,0,2.844,0.087,2.95,1.424,10,0.001,8234,6
Qwen2.5-14B-Instruct-Q4_K_M.gguf,8.4,publish,6,0,1.804,0.015,4.64,2.244,5,0.001,7762,6
synthetic-4x-Qwen2.5-14B-Instruct-Q4_K_M.gguf,33.5,cp,6,0,16.710,3.655,2.06,1.000,33207,0.968,65561,6
synthetic-4x-Qwen2.5-14B-Instruct-Q4_K_M.gguf,33.5,dd,6,0,11.230,0.379,2.98,1.466,10,0.000,34056,6
synthetic-4x-Qwen2.5-14B-Instruct-Q4_K_M.gguf,33.5,publish,6,0,6.949,0.049,4.82,2.369,10,0.000,34126,6
