sms,size_mib,stride_kib,kind,runs,scan_mwords_s,gather_mwords_s,scatter_mwords_s,scan_vs_device,gather_vs_device,gather_low,gather_high,scatter_vs_device,scatter_low,scatter_high,failed_probes
12,1024,4,device,6,26373.8,3414.8,1495.2,1.0000,1.0000,1.0000,1.0000,1.0000,1.0000,1.0000,0
12,1024,4,host_huge,6,33562.9,3252.2,1388.9,1.2727,0.9518,0.9113,0.9941,0.9289,0.9274,0.9305,0
12,1024,4,host_small,6,424.3,37.1,37.2,0.0161,0.0109,0.0108,0.0109,0.0249,0.0248,0.0251,0
12,1024,64,device,6,26669.4,3387.3,1489.2,1.0000,1.0000,1.0000,1.0000,1.0000,1.0000,1.0000,0
12,1024,64,host_huge,6,32335.4,3289.1,1387.2,1.2121,0.9710,0.9612,0.9808,0.9315,0.9309,0.9321,0
12,1024,64,host_small,6,415.6,41.9,41.3,0.0156,0.0124,0.0122,0.0125,0.0277,0.0275,0.0280,0
8,1024,4,device,6,11804.0,1920.4,1473.4,1.0000,1.0000,1.0000,1.0000,1.0000,1.0000,1.0000,0
8,1024,4,host_huge,6,11398.2,1571.3,1376.1,0.9658,0.8182,0.8146,0.8218,0.9340,0.9310,0.9369,0
8,1024,4,host_small,6,376.1,33.3,33.3,0.0319,0.0173,0.0173,0.0174,0.0226,0.0225,0.0228,0
8,1024,64,device,6,11705.6,1818.9,1472.7,1.0000,1.0000,1.0000,1.0000,1.0000,1.0000,1.0000,0
8,1024,64,host_huge,6,11646.6,1565.2,1375.4,0.9949,0.8605,0.8573,0.8638,0.9339,0.9307,0.9372,0
8,1024,64,host_small,6,378.4,43.7,38.2,0.0323,0.0240,0.0239,0.0241,0.0259,0.0258,0.0261,0
