placement,children,paragraphs,mode,runs,parents_completed,timed_out,prefix_tokens,publish_ms,publish_ci95,state_mib,children_started,children_finished,own_instance_finished,own_instance_started,other_instance_finished,other_instance_started,child_attach_ms,child_attach_ci95,child_first_token_ms,child_first_token_ci95,children_tps_sum,children_tps_vs_copy,vs_copy_low,vs_copy_high,vs_copy_median,parent_tps,parent_tps_vs_copy,parent_vs_copy_median,children_memory_mib,children_memory_ci95,texts_equal_to_copy,texts_compared
same,8,320,copy,6,6,0,16321,553.01,14.43,892.80,48,48,48,48,0,0,645.4,78.7,2748,99,21.54,1.0000,1.0000,1.0000,1.0000,5.497,1.0000,1.0000,20309,30,48,48
same,8,320,demand,6,6,0,16321,549.38,13.67,892.80,48,48,48,48,0,0,792.7,63.1,2936,67,21.74,1.0093,1.0055,1.0130,1.0095,6.460,1.1739,1.1573,14227,76,48,48
same,8,320,device,6,6,0,16321,39.48,3.47,0.25,48,48,48,48,0,0,811.4,51.4,2906,72,21.85,1.0145,1.0085,1.0205,1.0160,7.303,1.3224,1.3841,7803,11,48,48
same,8,320,device_tuned,6,6,0,16321,36.60,4.73,0.25,48,48,48,48,0,0,473.3,98.6,2548,110,21.65,1.0054,0.9984,1.0126,1.0078,5.469,0.9895,0.9790,7804,19,48,48
same,8,320,device_merged,6,6,0,16321,114.63,10.28,0.25,48,48,48,48,0,0,194.6,30.6,2285,55,21.31,0.9895,0.9841,0.9950,0.9902,5.034,0.9161,0.9203,7741,10,48,48
same,8,320,cow,6,6,0,16321,8.77,0.93,0.25,48,48,48,48,0,0,57.7,9.2,2780,85,21.14,0.9818,0.9750,0.9887,0.9819,4.554,0.8289,0.8364,6906,48,48,48
same,8,320,extent,6,6,0,16321,8.61,0.83,0.25,48,48,48,48,0,0,54.0,6.1,2123,35,21.33,0.9904,0.9844,0.9964,0.9911,4.545,0.8272,0.8326,6036,29,48,48
cross,8,320,copy,6,6,0,16321,547.42,13.54,892.80,48,48,24,24,24,24,527.7,60.9,2372,84,32.64,1.0000,1.0000,1.0000,1.0000,8.134,1.0000,1.0000,20252,31,48,48
cross,8,320,demand,6,6,0,16321,551.92,9.78,892.80,48,48,24,24,24,24,598.7,112.5,2463,142,32.82,1.0055,0.9923,1.0188,1.0052,8.591,1.0529,1.0458,13740,64,48,48
cross,8,320,device,6,6,0,16321,39.97,3.09,0.25,48,24,24,24,0,24,638.0,38.8,2506,43,21.11,0.6466,0.6412,0.6519,0.6459,10.535,1.2964,1.3225,3962,15,24,24
cross,8,320,device_tuned,6,6,0,16321,41.19,2.44,0.25,48,24,24,24,0,24,456.7,88.8,2318,122,20.87,0.6393,0.6314,0.6472,0.6395,9.496,1.1639,1.1505,3977,16,24,24
cross,8,320,device_merged,6,6,0,16321,116.05,9.87,0.25,48,24,24,24,0,24,260.3,34.9,2149,50,20.52,0.6286,0.6227,0.6344,0.6299,8.785,1.0810,1.0955,3946,34,24,24
cross,8,320,cow,6,6,0,16321,8.61,1.10,0.25,48,48,24,24,24,24,51.7,6.7,2243,59,31.33,0.9597,0.9497,0.9698,0.9608,6.916,0.8509,0.8860,6774,18,48,48
cross,8,320,extent,6,6,0,16321,8.68,0.92,0.25,48,48,24,24,24,24,56.7,6.4,1897,43,31.57,0.9672,0.9557,0.9789,0.9722,7.052,0.8674,0.8641,5918,16,48,48
same,4,320,copy,6,6,0,16321,551.69,10.14,892.80,24,24,24,24,0,0,491.2,54.2,1905,56,20.04,1.0000,1.0000,1.0000,1.0000,7.397,1.0000,1.0000,10185,62,24,24
same,4,320,demand,6,6,0,16321,548.53,14.08,892.80,24,24,24,24,0,0,435.5,89.6,1845,114,20.01,0.9987,0.9858,1.0117,0.9949,7.299,0.9860,0.9659,7179,9,24,24
same,4,320,device,6,6,0,16321,40.16,3.57,0.25,24,24,24,24,0,0,424.6,15.3,1846,25,20.12,1.0039,0.9978,1.0100,1.0019,7.387,0.9987,0.9918,3970,12,24,24
same,4,320,device_tuned,6,6,0,16321,37.78,4.41,0.25,24,24,24,24,0,0,165.0,26.8,1575,43,19.69,0.9826,0.9768,0.9884,0.9803,6.708,0.9070,0.9016,3980,17,24,24
same,4,320,device_merged,6,6,0,16321,117.23,5.96,0.25,24,24,24,24,0,0,106.9,31.3,1518,40,19.58,0.9771,0.9712,0.9829,0.9750,6.632,0.8967,0.9019,3939,20,24,24
same,4,320,cow,6,6,0,16321,8.33,0.75,0.25,24,24,24,24,0,0,49.9,4.9,1817,36,19.57,0.9766,0.9703,0.9828,0.9746,6.396,0.8648,0.8604,3514,30,24,24
same,4,320,extent,6,6,0,16321,8.50,0.97,0.25,24,24,24,24,0,0,49.1,3.7,1438,31,19.66,0.9811,0.9750,0.9872,0.9797,6.386,0.8634,0.8532,3087,20,24,24
same,1,320,copy,6,6,0,16321,546.59,14.13,892.80,6,6,6,6,0,0,333.0,4.2,1188,16,14.02,1.0000,1.0000,1.0000,1.0000,13.715,1.0000,1.0000,2538,4,6,6
same,1,320,demand,6,6,0,16321,547.90,10.34,892.80,6,6,6,6,0,0,315.7,4.8,1162,8,13.94,0.9943,0.9899,0.9986,0.9958,13.674,0.9970,0.9972,1867,17,6,6
same,1,320,device,6,6,0,16321,41.91,2.08,0.25,6,6,6,6,0,0,219.3,14.4,1075,27,13.69,0.9763,0.9690,0.9837,0.9765,13.369,0.9747,0.9742,1077,12,6,6
same,1,320,device_tuned,6,6,0,16321,39.02,2.76,0.25,6,6,6,6,0,0,78.8,1.1,892,2,13.17,0.9392,0.9356,0.9428,0.9396,12.900,0.9406,0.9394,1072,8,6,6
same,1,320,device_merged,6,6,0,16321,112.80,11.97,0.25,6,6,6,6,0,0,59.7,1.2,864,8,13.10,0.9344,0.9316,0.9372,0.9348,12.939,0.9434,0.9448,1071,10,6,6
same,1,320,cow,6,6,0,16321,8.73,0.82,0.25,6,6,6,6,0,0,42.3,0.7,986,13,13.14,0.9370,0.9290,0.9451,0.9398,12.849,0.9368,0.9370,954,8,6,6
same,1,320,extent,6,6,0,16321,8.82,0.59,0.25,6,6,6,6,0,0,43.5,0.5,850,6,13.11,0.9346,0.9330,0.9363,0.9347,12.954,0.9445,0.9448,850,13,6,6
same,8,80,copy,6,6,0,4081,210.45,11.39,223.24,48,48,48,48,0,0,263.4,19.2,2294,41,22.60,1.0000,1.0000,1.0000,1.0000,5.549,1.0000,1.0000,9157,44,48,48
same,8,80,demand,6,6,0,4081,221.45,13.51,223.24,48,48,48,48,0,0,292.2,25.0,2328,34,22.59,0.9994,0.9976,1.0013,0.9994,4.982,0.8967,0.9245,8448,9,48,48
same,8,80,device,6,6,0,4081,6.81,0.84,0.06,48,48,48,48,0,0,450.6,17.6,2444,20,22.67,1.0029,1.0014,1.0044,1.0031,5.208,0.9386,0.9493,7556,27,48,48
same,8,80,device_tuned,6,6,0,4081,6.61,0.73,0.06,48,48,48,48,0,0,137.9,32.4,2141,44,22.42,0.9920,0.9890,0.9951,0.9914,4.621,0.8328,0.8547,7557,17,48,48
same,8,80,device_merged,6,6,0,4081,24.52,3.73,0.06,48,48,48,48,0,0,167.4,54.0,2193,104,22.47,0.9940,0.9911,0.9970,0.9950,4.681,0.8418,0.8503,7574,46,48,48
same,8,80,cow,6,6,0,4081,2.95,0.35,0.06,48,48,48,48,0,0,31.5,4.6,2883,64,22.33,0.9878,0.9852,0.9905,0.9883,4.715,0.8498,0.8522,6709,9,48,48
same,8,80,extent,6,6,0,4081,3.08,0.10,0.06,48,48,48,48,0,0,29.7,2.4,2011,43,22.33,0.9881,0.9864,0.9898,0.9874,4.752,0.8559,0.8533,5757,46,48,48
