paragraphs,mode,agents,runs,failed_agents,prefix_tokens,texts_equal_to_restore,texts_compared,own_instance_equal_to_recompute,own_instance_compared,other_instance_equal_to_recompute,other_instance_compared,attach_ms,first_token_ms,generation_tps_total,generation_vs_restore,lower_ci95,upper_ci95,memory_mib,memory_saved_vs_restore_mib,prefix_state_mib,prefix_pss_mib,prefix_rss_mib
80,recompute,1,6,0,4081,6,6,6,6,0,0,28.1,6151,20.67,0.9957,0.9926,0.9988,1145,-4,223,0,0
80,restore,1,6,0,4081,6,6,6,6,0,0,81.1,819,20.77,1.0000,1.0000,1.0000,1141,0,223,0,0
80,cow,1,6,0,4081,6,6,6,6,0,0,24.4,864,20.48,0.9836,0.9731,0.9942,931,210,223,238,238
80,cow_small,1,6,0,4081,6,6,6,6,0,0,27.2,1158,20.40,0.9794,0.9653,0.9937,826,314,223,238,238
80,extent,1,6,0,4081,6,6,6,6,0,0,31.6,775,20.38,0.9797,0.9710,0.9885,913,228,223,223,223
80,extent_lazy,1,6,0,4081,6,6,6,6,0,0,24.9,761,20.41,0.9811,0.9730,0.9892,698,443,223,223,223
80,extent_lazy_small,1,6,0,4081,6,6,6,6,0,0,26.9,776,20.35,0.9778,0.9666,0.9891,726,416,223,223,223
80,recompute,4,6,0,4081,12,24,12,12,12,12,39.3,13199,39.13,1.0137,1.0007,1.0269,4556,30,223,0,0
80,restore,4,6,0,4081,24,24,12,12,0,12,121.8,1274,38.60,1.0000,1.0000,1.0000,4586,0,223,0,0
80,cow,4,6,0,4081,24,24,12,12,0,12,35.6,1493,37.69,0.9765,0.9635,0.9897,3235,1351,223,616,952
80,cow_small,4,6,0,4081,24,24,12,12,0,12,33.6,2442,37.34,0.9675,0.9551,0.9800,3247,1340,223,616,952
80,extent,4,6,0,4081,24,24,12,12,0,12,40.2,1209,37.79,0.9791,0.9694,0.9889,3647,940,223,229,892
80,extent_lazy,4,6,0,4081,24,24,12,12,0,12,33.2,1217,37.61,0.9744,0.9617,0.9872,2814,1772,223,223,892
80,extent_lazy_small,4,6,0,4081,24,24,12,12,0,12,37.1,1189,37.60,0.9741,0.9603,0.9881,2808,1779,223,223,892
80,recompute,8,6,0,4081,36,48,24,24,24,24,44.4,25608,38.99,1.0143,1.0074,1.0213,9158,11,223,0,0
80,restore,8,6,0,4081,48,48,24,24,12,24,160.8,1797,38.44,1.0000,1.0000,1.0000,9169,0,223,0,0
80,cow,8,6,0,4081,48,48,24,24,12,24,34.4,2186,37.14,0.9663,0.9595,0.9732,6545,2624,223,1120,1904
80,cow_small,8,6,0,4081,48,48,24,24,12,24,36.0,4130,36.85,0.9588,0.9513,0.9664,6529,2641,223,1120,1904
80,extent,8,6,0,4081,48,48,24,24,12,24,44.6,1706,37.32,0.9710,0.9630,0.9790,7320,1849,223,228,1785
80,extent_lazy,8,6,0,4081,48,48,24,24,12,24,40.9,1721,37.27,0.9698,0.9555,0.9842,5640,3530,223,239,1785
80,extent_lazy_small,8,6,0,4081,48,48,24,24,12,24,49.4,1788,36.95,0.9612,0.9541,0.9685,5629,3540,223,223,1785
320,recompute,1,6,0,16321,6,6,6,6,0,0,59.4,25254,19.85,0.9946,0.9898,0.9995,2556,-23,893,0,0
320,restore,1,6,0,16321,6,6,6,6,0,0,225.1,964,19.96,1.0000,1.0000,1.0000,2532,0,893,0,0
320,cow,1,6,0,16321,6,6,6,6,0,0,42.7,856,19.13,0.9537,0.9276,0.9806,923,1609,893,910,910
320,cow_small,1,6,0,16321,6,6,6,6,0,0,52.0,1151,19.17,0.9550,0.9247,0.9864,815,1718,893,910,910
320,extent,1,6,0,16321,6,6,6,6,0,0,69.8,845,19.44,0.9674,0.9319,1.0043,1617,916,893,892,892
320,extent_lazy,1,6,0,16321,6,6,6,6,0,0,42.8,791,19.16,0.9545,0.9232,0.9868,743,1789,893,892,892
320,extent_lazy_small,1,6,0,16321,6,6,6,6,0,0,51.5,814,19.31,0.9613,0.9275,0.9964,744,1789,893,892,892
320,recompute,4,6,0,16321,21,24,12,12,12,12,122.3,55866,37.25,1.0621,1.0593,1.0650,10275,-128,893,0,0
320,restore,4,6,0,16321,24,24,12,12,9,12,396.0,1583,35.07,1.0000,1.0000,1.0000,10147,0,893,0,0
320,cow,4,6,0,16321,24,24,12,12,9,12,55.2,1413,34.57,0.9857,0.9838,0.9876,3325,6822,893,1260,3612
320,cow_small,4,6,0,16321,24,24,12,12,9,12,66.8,2377,34.32,0.9786,0.9751,0.9821,3326,6820,893,1260,3612
320,extent,4,6,0,16321,24,24,12,12,9,12,93.2,1288,34.80,0.9920,0.9877,0.9964,6441,3706,893,892,3570
320,extent_lazy,4,6,0,16321,24,24,12,12,9,12,57.2,1223,34.80,0.9921,0.9871,0.9971,2890,7257,893,892,3570
320,extent_lazy_small,4,6,0,16321,24,24,12,12,9,12,62.2,1242,34.66,0.9881,0.9830,0.9932,2892,7254,893,917,3570
320,recompute,8,6,0,16321,39,48,24,24,24,24,152.3,110880,37.21,1.0628,1.0541,1.0715,20283,48,893,0,0
320,restore,8,6,0,16321,48,48,24,24,15,24,484.2,2205,35.02,1.0000,1.0000,1.0000,20331,0,893,0,0
320,cow,8,6,0,16321,48,48,24,24,15,24,58.1,1980,34.13,0.9746,0.9656,0.9837,6705,13626,893,1736,7224
320,cow_small,8,6,0,16321,48,48,24,24,15,24,82.8,3971,33.79,0.9650,0.9582,0.9719,6718,13613,893,1738,7224
320,extent,8,6,0,16321,48,48,24,24,15,24,92.1,1774,34.44,0.9835,0.9719,0.9952,12969,7362,893,1025,7140
320,extent_lazy,8,6,0,16321,48,48,24,24,15,24,65.1,1778,34.38,0.9819,0.9741,0.9898,5849,14482,893,908,7140
320,extent_lazy_small,8,6,0,16321,48,48,24,24,15,24,75.3,1806,34.23,0.9776,0.9693,0.9860,5849,14482,893,905,7140
