paragraphs,mode,agents,runs,failed_agents,prefix_tokens,texts_equal_to_restore,texts_compared,attach_ms,suffix_ms,first_token_ms,generation_tps_total,generation_vs_restore,lower_ci95,upper_ci95,memory_mib,memory_per_agent_above_extent_mib,prefix_state_mib,prefix_pss_mib,prefix_rss_mib
320,restore,1,6,0,16321,6,6,249.0,104,999,19.89,1.0000,1.0000,1.0000,2549,1812,893,0,0
320,cow,1,6,0,16321,6,6,42.3,178,854,19.21,0.9607,0.9328,0.9894,892,154,893,910,910
320,cow_noread,1,6,0,16321,6,6,42.9,654,1339,19.04,0.9526,0.9265,0.9794,1648,911,893,910,910
320,cow_small,1,6,0,16321,6,6,52.4,473,1160,19.20,0.9592,0.9272,0.9922,828,90,893,910,910
320,cow_small_noread,1,6,0,16321,6,6,42.6,701,1393,19.18,0.9574,0.9215,0.9948,1632,894,893,910,910
320,extent_lazy,1,6,0,16321,6,6,43.5,110,790,19.35,0.9673,0.9364,0.9993,738,0,893,892,892
320,restore,8,6,0,16321,48,48,491.4,339,2181,35.19,1.0000,1.0000,1.0000,20261,1815,893,0,0
320,cow,8,6,0,16321,48,48,54.2,595,2001,34.29,0.9744,0.9533,0.9959,6704,120,893,1742,7224
320,cow_noread,8,6,0,16321,48,48,54.4,3511,4941,34.02,0.9668,0.9563,0.9774,12992,907,893,7224,7224
320,cow_small,8,6,0,16321,48,48,80.4,2469,3923,33.69,0.9572,0.9481,0.9664,6720,122,893,1737,7224
320,cow_small_noread,8,6,0,16321,48,48,57.7,3727,5161,34.02,0.9667,0.9572,0.9763,12990,906,893,7224,7224
320,extent_lazy,8,6,0,16321,48,48,56.8,322,1735,34.50,0.9802,0.9729,0.9876,5740,0,893,1036,7140
