mode,step,runs,failed,fault_pages,fault_pages_min,fault_pages_max,first_token_ms,request_ms,prompt_cached,texts_equal_to_vllm,texts_compared
vllm,start1,3,0,5260193,5055326,5422622,,,,,
vllm,prefix,3,0,0,0,0,9179.3,9179.4,-1,3,3
vllm,publisher_first,3,0,0,0,0,215.8,2172.1,14272,3,3
vllm,publisher_second,3,0,0,0,0,156.5,2141.6,14272,3,3
vllm,start2,3,0,5306897,5266988,5329472,,,,,
vllm,attacher_first,3,0,0,0,0,13761.5,16437.4,-1,3,3
vllm,attacher_second,3,0,0,0,0,172.3,2888.1,14272,3,3
stator,start1,3,0,5154283,5126336,5191116,,,,,
stator,prefix,3,0,0,0,0,9198.9,9199.0,-1,3,3
stator,publisher_first,3,0,2837,2836,2840,220.4,2177.3,14272,3,3
stator,publisher_second,3,0,0,0,0,158.3,2146.8,14272,3,3
stator,start2,3,0,5313519,5272354,5387634,,,,,
stator,attacher_first,3,0,0,0,0,302.9,4274.4,14272,3,3
stator,attacher_second,3,0,0,0,0,191.4,4223.0,14272,3,3
