mode,agents,runs,skipped_runs,failed_agents,weights_load_ms,attach_ms,first_token_ms,generation_tps_total,vs_none,vs_none_low,vs_none_high,vs_none_median,vs_weights,vs_weights_low,vs_weights_high,vs_weights_median,memory_mib,memory_ci95,memory_per_agent_mib,pss_anon_mib,pss_file_mib,pss_shmem_mib,device_mib,sampled_runs,wall_s
none,1,6,0,0,1147,151.3,1470,21.10,1.0000,1.0000,1.0000,1.0000,1.0634,1.0408,1.0865,1.0649,6162,6,6161.8,227,97,350,5453,6,5.0
kv,1,6,0,0,1154,32.5,1362,20.68,0.9746,0.9431,1.0071,0.9739,1.0364,1.0244,1.0485,1.0365,5277,16,5277.0,238,97,1131,4557,6,5.0
weights,1,6,0,0,634,152.7,963,19.91,0.9404,0.9204,0.9608,0.9392,1.0000,1.0000,1.0000,1.0000,1655,12,1655.0,228,4558,58,1283,6,4.8
both,1,6,0,0,628,32.7,836,19.44,0.9130,0.8667,0.9617,0.9138,0.9709,0.9414,1.0012,0.9711,751,31,750.8,238,4558,839,387,6,4.8
none,2,6,0,0,1291,189.4,1688,38.12,1.0000,1.0000,1.0000,1.0000,1.0307,1.0263,1.0352,1.0289,12249,23,6124.4,454,119,701,10906,6,6.2
kv,2,6,0,0,1298,32.9,1550,37.03,0.9714,0.9684,0.9745,0.9719,1.0013,0.9953,1.0073,1.0012,10481,31,5240.6,461,119,1482,9114,6,6.3
weights,2,6,0,0,706,244.5,1161,36.99,0.9702,0.9660,0.9743,0.9719,1.0000,1.0000,1.0000,1.0000,3244,24,1622.2,456,4580,116,2566,6,5.9
both,2,6,0,0,711,37.2,962,36.02,0.9449,0.9417,0.9482,0.9446,0.9740,0.9706,0.9773,0.9755,1470,20,735.2,476,4580,897,774,6,5.9
none,4,6,0,0,1616,189.5,2170,36.59,1.0000,1.0000,1.0000,1.0000,1.0478,1.0423,1.0532,1.0480,24488,43,6122.0,913,162,1402,21812,6,11.3
kv,4,6,0,0,1617,34.4,2017,35.46,0.9689,0.9614,0.9764,0.9670,1.0152,1.0055,1.0250,1.0114,20829,144,5207.2,975,161,2183,18228,6,11.5
weights,4,6,0,0,867,211.1,1468,34.93,0.9544,0.9494,0.9594,0.9542,1.0000,1.0000,1.0000,1.0000,6411,32,1602.8,915,4622,232,5132,6,11.1
both,4,6,0,0,862,41.3,1301,34.65,0.9468,0.9423,0.9513,0.9473,0.9920,0.9903,0.9937,0.9918,2831,38,707.7,984,4622,1013,1548,6,11.2
none,8,6,0,0,2429,275.2,3385,37.25,1.0000,1.0000,1.0000,1.0000,1.0729,1.0459,1.1005,1.0693,48981,96,6122.7,1828,245,2804,43624,6,21.2
kv,8,6,0,0,2432,38.6,3146,35.73,0.9589,0.9374,0.9809,0.9644,1.0288,0.9974,1.0612,1.0174,41796,167,5224.5,1961,245,3607,36456,6,21.7
weights,8,6,0,0,1134,307.9,2172,34.71,0.9321,0.9087,0.9561,0.9354,1.0000,1.0000,1.0000,1.0000,12888,30,1611.0,1830,4741,465,10264,6,21.1
both,8,6,0,0,1081,43.7,1834,34.48,0.9257,0.9029,0.9491,0.9307,0.9931,0.9899,0.9964,0.9935,5759,25,719.8,1938,4705,1246,3096,6,21.2
none,12,6,0,0,3384,347.1,4745,37.32,1.0000,1.0000,1.0000,1.0000,1.0706,1.0402,1.1018,1.0688,73594,20,6132.8,2738,328,4206,65436,6,31.2
kv,12,6,0,0,3616,42.0,4624,36.52,0.9787,0.9438,1.0150,0.9773,1.0478,1.0266,1.0694,1.0492,62894,39,5241.2,2906,328,4987,54684,6,32.1
weights,12,6,0,0,1376,366.7,2776,34.85,0.9341,0.9076,0.9614,0.9359,1.0000,1.0000,1.0000,1.0000,19370,32,1614.2,2748,4788,698,15396,6,30.9
both,12,6,0,0,1388,51.4,2490,34.48,0.9243,0.8958,0.9536,0.9275,0.9895,0.9805,0.9985,0.9905,8662,42,721.9,2950,4788,1479,4644,6,31.4
weights,16,6,0,0,1791,444.5,3558,35.05,0.0000,0.0000,0.0000,0.0000,1.0000,1.0000,1.0000,1.0000,25803,26,1612.7,3665,4918,931,20528,6,40.9
both,16,6,0,0,1782,55.8,3192,34.33,0.0000,0.0000,0.0000,0.0000,0.9792,0.9748,0.9836,0.9807,11534,36,720.9,3929,4921,1732,6192,6,41.7
weights,32,6,0,0,3669,896.6,7171,35.98,0.0000,0.0000,0.0000,0.0000,1.0000,1.0000,1.0000,1.0000,51460,41,1608.1,7315,5226,1862,41056,6,81.3
both,32,6,0,0,3560,74.2,6228,34.80,0.0000,0.0000,0.0000,0.0000,0.9674,0.9563,0.9786,0.9695,22869,78,714.7,7831,5253,2650,12384,6,82.4
both,64,6,0,0,7659,200.2,13096,35.75,0.0000,0.0000,0.0000,0.0000,0.0000,0.0000,0.0000,0.0000,45252,179,707.1,15214,5891,4508,24768,6,164.8
