instance,size_mib,kind,runs,failed,full_gib_per_s,full_ms,page_ms,ns_per_page,block_ms,full_vs_device,lower_ci95,upper_ci95
12sm,256,device,6,0,67.38,3.712,0.059,0.90,0.029,1.0000,1.0000,1.0000
12sm,256,host_huge,6,0,66.53,3.760,0.062,0.95,0.029,0.9880,0.9482,1.0279
12sm,256,host_small,6,0,67.85,3.686,0.064,0.98,0.028,1.0073,0.9824,1.0321
12sm,1024,device,6,0,68.45,14.610,0.147,0.56,0.029,1.0000,1.0000,1.0000
12sm,1024,host_huge,6,0,68.72,14.558,0.155,0.59,0.029,1.0039,0.9975,1.0103
12sm,1024,host_small,6,0,68.62,14.572,0.752,2.87,0.029,1.0024,0.9961,1.0088
6sm,256,device,6,0,45.30,5.521,0.073,1.11,0.029,1.0000,1.0000,1.0000
6sm,256,host_huge,6,0,45.53,5.492,0.087,1.33,0.029,1.0055,0.9749,1.0361
6sm,256,host_small,6,0,45.20,5.532,0.084,1.28,0.029,0.9980,0.9789,1.0171
6sm,1024,device,6,0,46.07,21.707,0.266,1.01,0.029,1.0000,1.0000,1.0000
6sm,1024,host_huge,6,0,46.08,21.703,0.237,0.90,0.029,1.0004,0.9994,1.0013
6sm,1024,host_small,6,0,46.07,21.713,0.776,2.96,0.029,1.0000,0.9943,1.0058
