processes,mode,runs,failed_agents,prefix_tokens,generation_tps_total,generation_vs_device,lower_ci95,upper_ci95,suffix_ms
1,device,6,0,4081,25.28,1.0000,1.0000,1.0000,52.4
1,anon,6,0,4081,25.29,1.0004,0.9976,1.0033,52.5
1,anon_lazy,6,0,4081,25.01,0.9894,0.9874,0.9914,59.7
1,restore,6,0,4081,25.27,0.9999,0.9968,1.0030,88.3
1,extent,6,0,4081,25.18,0.9961,0.9931,0.9991,87.5
1,extent_lazy,6,0,4081,25.17,0.9956,0.9919,0.9992,90.2
2,device,6,0,4081,24.31,1.0000,1.0000,1.0000,108.1
2,anon,6,0,4081,24.43,1.0049,1.0044,1.0055,106.2
2,anon_lazy,6,0,4081,24.22,0.9963,0.9959,0.9967,108.8
2,restore,6,0,4081,24.32,1.0005,0.9994,1.0016,140.1
2,extent,6,0,4081,24.38,1.0028,1.0023,1.0034,139.0
2,extent_lazy,6,0,4081,24.35,1.0018,1.0007,1.0028,142.0
